{
  "android-6.0": {
    "base": "BrowserStack",
    "browser": "android",
    "browser_version": null,
    "device": "Motorola Moto X 2nd Gen",
    "os": "android",
    "os_version": "6.0"
  },
  "android-5.0": {
    "base": "BrowserStack",
    "browser": "android",
    "browser_version": null,
    "device": "Samsung Galaxy S6",
    "os": "android",
    "os_version": "5.0"
  },
  "android-7.1": {
    "base": "BrowserStack",
    "browser": "android",
    "browser_version": null,
    "device": "Samsung Galaxy A8",
    "os": "android",
    "os_version": "7.1"
  },
  "android-8.0": {
    "base": "BrowserStack",
    "browser": "android",
    "browser_version": null,
    "device": "Google Pixel 2",
    "os": "android",
    "os_version": "8.0"
  },
  "android-9.0": {
    "base": "BrowserStack",
    "browser": "android",
    "browser_version": null,
    "device": "Google Pixel 3",
    "os": "android",
    "os_version": "9.0"
  },
  "android-5.1": {
    "base": "BrowserStack",
    "browser": "android",
    "browser_version": null,
    "device": "Google Nexus 9",
    "os": "android",
    "os_version": "5.1"
  },
  "android-8.1": {
    "base": "BrowserStack",
    "browser": "android",
    "browser_version": null,
    "device": "Samsung Galaxy Tab S4",
    "os": "android",
    "os_version": "8.1"
  },
  "android-7.0": {
    "base": "BrowserStack",
    "browser": "android",
    "browser_version": null,
    "device": "Samsung Galaxy Tab S3",
    "os": "android",
    "os_version": "7.0"
  },
  "android-4.4": {
    "base": "BrowserStack",
    "browser": "android",
    "browser_version": null,
    "device": "Samsung Galaxy Tab 4",
    "os": "android",
    "os_version": "4.4"
  },
  "chrome-70.0": {
    "base": "BrowserStack",
    "browser": "chrome",
    "browser_version": "70.0",
    "device": null,
    "os": "OS X",
    "os_version": "Yosemite"
  },
  "chrome-42.0": {
    "base": "BrowserStack",
    "browser": "chrome",
    "browser_version": "42.0",
    "device": null,
    "os": "Windows",
    "os_version": "XP"
  },
  "chrome-71.0 beta": {
    "base": "BrowserStack",
    "browser": "chrome",
    "browser_version": "71.0 beta",
    "device": null,
    "os": "OS X",
    "os_version": "Mojave"
  },
  "chrome-69.0": {
    "base": "BrowserStack",
    "browser": "chrome",
    "browser_version": "69.0",
    "device": null,
    "os": "OS X",
    "os_version": "Sierra"
  },
  "chrome-68.0": {
    "base": "BrowserStack",
    "browser": "chrome",
    "browser_version": "68.0",
    "device": null,
    "os": "OS X",
    "os_version": "Sierra"
  },
  "chrome-67.0": {
    "base": "BrowserStack",
    "browser": "chrome",
    "browser_version": "67.0",
    "device": null,
    "os": "Windows",
    "os_version": "8"
  },
  "chrome-66.0": {
    "base": "BrowserStack",
    "browser": "chrome",
    "browser_version": "66.0",
    "device": null,
    "os": "Windows",
    "os_version": "8.1"
  },
  "chrome-65.0": {
    "base": "BrowserStack",
    "browser": "chrome",
    "browser_version": "65.0",
    "device": null,
    "os": "OS X",
    "os_version": "El Capitan"
  },
  "chrome-64.0": {
    "base": "BrowserStack",
    "browser": "chrome",
    "browser_version": "64.0",
    "device": null,
    "os": "OS X",
    "os_version": "Mavericks"
  },
  "chrome-63.0": {
    "base": "BrowserStack",
    "browser": "chrome",
    "browser_version": "63.0",
    "device": null,
    "os": "OS X",
    "os_version": "El Capitan"
  },
  "chrome-62.0": {
    "base": "BrowserStack",
    "browser": "chrome",
    "browser_version": "62.0",
    "device": null,
    "os": "Windows",
    "os_version": "7"
  },
  "chrome-61.0": {
    "base": "BrowserStack",
    "browser": "chrome",
    "browser_version": "61.0",
    "device": null,
    "os": "Windows",
    "os_version": "8"
  },
  "chrome-60.0": {
    "base": "BrowserStack",
    "browser": "chrome",
    "browser_version": "60.0",
    "device": null,
    "os": "OS X",
    "os_version": "High Sierra"
  },
  "chrome-59.0": {
    "base": "BrowserStack",
    "browser": "chrome",
    "browser_version": "59.0",
    "device": null,
    "os": "OS X",
    "os_version": "Mojave"
  },
  "chrome-58.0": {
    "base": "BrowserStack",
    "browser": "chrome",
    "browser_version": "58.0",
    "device": null,
    "os": "OS X",
    "os_version": "High Sierra"
  },
  "chrome-57.0": {
    "base": "BrowserStack",
    "browser": "chrome",
    "browser_version": "57.0",
    "device": null,
    "os": "Windows",
    "os_version": "10"
  },
  "chrome-56.0": {
    "base": "BrowserStack",
    "browser": "chrome",
    "browser_version": "56.0",
    "device": null,
    "os": "OS X",
    "os_version": "El Capitan"
  },
  "chrome-55.0": {
    "base": "BrowserStack",
    "browser": "chrome",
    "browser_version": "55.0",
    "device": null,
    "os": "OS X",
    "os_version": "Yosemite"
  },
  "chrome-54.0": {
    "base": "BrowserStack",
    "browser": "chrome",
    "browser_version": "54.0",
    "device": null,
    "os": "OS X",
    "os_version": "Yosemite"
  },
  "chrome-53.0": {
    "base": "BrowserStack",
    "browser": "chrome",
    "browser_version": "53.0",
    "device": null,
    "os": "OS X",
    "os_version": "Mojave"
  },
  "chrome-52.0": {
    "base": "BrowserStack",
    "browser": "chrome",
    "browser_version": "52.0",
    "device": null,
    "os": "OS X",
    "os_version": "El Capitan"
  },
  "chrome-51.0": {
    "base": "BrowserStack",
    "browser": "chrome",
    "browser_version": "51.0",
    "device": null,
    "os": "OS X",
    "os_version": "High Sierra"
  },
  "chrome-50.0": {
    "base": "BrowserStack",
    "browser": "chrome",
    "browser_version": "50.0",
    "device": null,
    "os": "Windows",
    "os_version": "7"
  },
  "chrome-49.0": {
    "base": "BrowserStack",
    "browser": "chrome",
    "browser_version": "49.0",
    "device": null,
    "os": "OS X",
    "os_version": "Mojave"
  },
  "chrome-48.0": {
    "base": "BrowserStack",
    "browser": "chrome",
    "browser_version": "48.0",
    "device": null,
    "os": "OS X",
    "os_version": "Mojave"
  },
  "chrome-47.0": {
    "base": "BrowserStack",
    "browser": "chrome",
    "browser_version": "47.0",
    "device": null,
    "os": "OS X",
    "os_version": "Mojave"
  },
  "chrome-46.0": {
    "base": "BrowserStack",
    "browser": "chrome",
    "browser_version": "46.0",
    "device": null,
    "os": "OS X",
    "os_version": "Snow Leopard"
  },
  "chrome-45.0": {
    "base": "BrowserStack",
    "browser": "chrome",
    "browser_version": "45.0",
    "device": null,
    "os": "OS X",
    "os_version": "Lion"
  },
  "chrome-44.0": {
    "base": "BrowserStack",
    "browser": "chrome",
    "browser_version": "44.0",
    "device": null,
    "os": "OS X",
    "os_version": "High Sierra"
  },
  "chrome-43.0": {
    "base": "BrowserStack",
    "browser": "chrome",
    "browser_version": "43.0",
    "device": null,
    "os": "Windows",
    "os_version": "XP"
  },
  "chrome-41.0": {
    "base": "BrowserStack",
    "browser": "chrome",
    "browser_version": "41.0",
    "device": null,
    "os": "Windows",
    "os_version": "XP"
  },
  "chrome-40.0": {
    "base": "BrowserStack",
    "browser": "chrome",
    "browser_version": "40.0",
    "device": null,
    "os": "Windows",
    "os_version": "8"
  },
  "chrome-39.0": {
    "base": "BrowserStack",
    "browser": "chrome",
    "browser_version": "39.0",
    "device": null,
    "os": "Windows",
    "os_version": "10"
  },
  "chrome-38.0": {
    "base": "BrowserStack",
    "browser": "chrome",
    "browser_version": "38.0",
    "device": null,
    "os": "Windows",
    "os_version": "10"
  },
  "chrome-37.0": {
    "base": "BrowserStack",
    "browser": "chrome",
    "browser_version": "37.0",
    "device": null,
    "os": "OS X",
    "os_version": "Snow Leopard"
  },
  "chrome-36.0": {
    "base": "BrowserStack",
    "browser": "chrome",
    "browser_version": "36.0",
    "device": null,
    "os": "OS X",
    "os_version": "Mavericks"
  },
  "chrome-35.0": {
    "base": "BrowserStack",
    "browser": "chrome",
    "browser_version": "35.0",
    "device": null,
    "os": "Windows",
    "os_version": "8.1"
  },
  "chrome-34.0": {
    "base": "BrowserStack",
    "browser": "chrome",
    "browser_version": "34.0",
    "device": null,
    "os": "OS X",
    "os_version": "El Capitan"
  },
  "chrome-33.0": {
    "base": "BrowserStack",
    "browser": "chrome",
    "browser_version": "33.0",
    "device": null,
    "os": "OS X",
    "os_version": "El Capitan"
  },
  "chrome-32.0": {
    "base": "BrowserStack",
    "browser": "chrome",
    "browser_version": "32.0",
    "device": null,
    "os": "OS X",
    "os_version": "Yosemite"
  },
  "chrome-31.0": {
    "base": "BrowserStack",
    "browser": "chrome",
    "browser_version": "31.0",
    "device": null,
    "os": "OS X",
    "os_version": "Snow Leopard"
  },
  "chrome-30.0": {
    "base": "BrowserStack",
    "browser": "chrome",
    "browser_version": "30.0",
    "device": null,
    "os": "OS X",
    "os_version": "Sierra"
  },
  "chrome-29.0": {
    "base": "BrowserStack",
    "browser": "chrome",
    "browser_version": "29.0",
    "device": null,
    "os": "OS X",
    "os_version": "Mountain Lion"
  },
  "chrome-28.0": {
    "base": "BrowserStack",
    "browser": "chrome",
    "browser_version": "28.0",
    "device": null,
    "os": "OS X",
    "os_version": "Snow Leopard"
  },
  "chrome-27.0": {
    "base": "BrowserStack",
    "browser": "chrome",
    "browser_version": "27.0",
    "device": null,
    "os": "OS X",
    "os_version": "Mojave"
  },
  "chrome-26.0": {
    "base": "BrowserStack",
    "browser": "chrome",
    "browser_version": "26.0",
    "device": null,
    "os": "OS X",
    "os_version": "Mavericks"
  },
  "chrome-25.0": {
    "base": "BrowserStack",
    "browser": "chrome",
    "browser_version": "25.0",
    "device": null,
    "os": "OS X",
    "os_version": "Mavericks"
  },
  "chrome-24.0": {
    "base": "BrowserStack",
    "browser": "chrome",
    "browser_version": "24.0",
    "device": null,
    "os": "Windows",
    "os_version": "8"
  },
  "chrome-23.0": {
    "base": "BrowserStack",
    "browser": "chrome",
    "browser_version": "23.0",
    "device": null,
    "os": "Windows",
    "os_version": "8"
  },
  "chrome-22.0": {
    "base": "BrowserStack",
    "browser": "chrome",
    "browser_version": "22.0",
    "device": null,
    "os": "OS X",
    "os_version": "Mavericks"
  },
  "chrome-21.0": {
    "base": "BrowserStack",
    "browser": "chrome",
    "browser_version": "21.0",
    "device": null,
    "os": "OS X",
    "os_version": "Snow Leopard"
  },
  "chrome-20.0": {
    "base": "BrowserStack",
    "browser": "chrome",
    "browser_version": "20.0",
    "device": null,
    "os": "OS X",
    "os_version": "Yosemite"
  },
  "chrome-19.0": {
    "base": "BrowserStack",
    "browser": "chrome",
    "browser_version": "19.0",
    "device": null,
    "os": "OS X",
    "os_version": "Mountain Lion"
  },
  "chrome-18.0": {
    "base": "BrowserStack",
    "browser": "chrome",
    "browser_version": "18.0",
    "device": null,
    "os": "OS X",
    "os_version": "Mountain Lion"
  },
  "chrome-17.0": {
    "base": "BrowserStack",
    "browser": "chrome",
    "browser_version": "17.0",
    "device": null,
    "os": "OS X",
    "os_version": "Yosemite"
  },
  "chrome-71.0": {
    "base": "BrowserStack",
    "browser": "chrome",
    "browser_version": "71.0",
    "device": null,
    "os": "OS X",
    "os_version": "High Sierra"
  },
  "chrome-16.0": {
    "base": "BrowserStack",
    "browser": "chrome",
    "browser_version": "16.0",
    "device": null,
    "os": "OS X",
    "os_version": "Mountain Lion"
  },
  "chrome-15.0": {
    "base": "BrowserStack",
    "browser": "chrome",
    "browser_version": "15.0",
    "device": null,
    "os": "Windows",
    "os_version": "XP"
  },
  "chrome-14.0": {
    "base": "BrowserStack",
    "browser": "chrome",
    "browser_version": "14.0",
    "device": null,
    "os": "OS X",
    "os_version": "Mavericks"
  },
  "edge-15.0": {
    "base": "BrowserStack",
    "browser": "edge",
    "browser_version": "15.0",
    "device": null,
    "os": "Windows",
    "os_version": "10"
  },
  "edge-16.0": {
    "base": "BrowserStack",
    "browser": "edge",
    "browser_version": "16.0",
    "device": null,
    "os": "Windows",
    "os_version": "10"
  },
  "edge-17.0": {
    "base": "BrowserStack",
    "browser": "edge",
    "browser_version": "17.0",
    "device": null,
    "os": "Windows",
    "os_version": "10"
  },
  "edge-18.0": {
    "base": "BrowserStack",
    "browser": "edge",
    "browser_version": "18.0",
    "device": null,
    "os": "Windows",
    "os_version": "10"
  },
  "edge-insider preview": {
    "base": "BrowserStack",
    "browser": "edge",
    "browser_version": "insider preview",
    "device": null,
    "os": "Windows",
    "os_version": "10"
  },
  "firefox-60.0": {
    "base": "BrowserStack",
    "browser": "firefox",
    "browser_version": "60.0",
    "device": null,
    "os": "Windows",
    "os_version": "8.1"
  },
  "firefox-40.0": {
    "base": "BrowserStack",
    "browser": "firefox",
    "browser_version": "40.0",
    "device": null,
    "os": "OS X",
    "os_version": "Mountain Lion"
  },
  "firefox-64.0": {
    "base": "BrowserStack",
    "browser": "firefox",
    "browser_version": "64.0",
    "device": null,
    "os": "Windows",
    "os_version": "10"
  },
  "firefox-53.0": {
    "base": "BrowserStack",
    "browser": "firefox",
    "browser_version": "53.0",
    "device": null,
    "os": "Windows",
    "os_version": "7"
  },
  "firefox-8.0": {
    "base": "BrowserStack",
    "browser": "firefox",
    "browser_version": "8.0",
    "device": null,
    "os": "OS X",
    "os_version": "Mountain Lion"
  },
  "firefox-52.0": {
    "base": "BrowserStack",
    "browser": "firefox",
    "browser_version": "52.0",
    "device": null,
    "os": "Windows",
    "os_version": "10"
  },
  "firefox-4.0": {
    "base": "BrowserStack",
    "browser": "firefox",
    "browser_version": "4.0",
    "device": null,
    "os": "OS X",
    "os_version": "Lion"
  },
  "firefox-39.0": {
    "base": "BrowserStack",
    "browser": "firefox",
    "browser_version": "39.0",
    "device": null,
    "os": "Windows",
    "os_version": "8.1"
  },
  "firefox-9.0": {
    "base": "BrowserStack",
    "browser": "firefox",
    "browser_version": "9.0",
    "device": null,
    "os": "Windows",
    "os_version": "XP"
  },
  "firefox-51.0": {
    "base": "BrowserStack",
    "browser": "firefox",
    "browser_version": "51.0",
    "device": null,
    "os": "Windows",
    "os_version": "8"
  },
  "firefox-38.0": {
    "base": "BrowserStack",
    "browser": "firefox",
    "browser_version": "38.0",
    "device": null,
    "os": "OS X",
    "os_version": "Sierra"
  },
  "firefox-6.0": {
    "base": "BrowserStack",
    "browser": "firefox",
    "browser_version": "6.0",
    "device": null,
    "os": "OS X",
    "os_version": "Snow Leopard"
  },
  "firefox-37.0": {
    "base": "BrowserStack",
    "browser": "firefox",
    "browser_version": "37.0",
    "device": null,
    "os": "OS X",
    "os_version": "High Sierra"
  },
  "firefox-50.0": {
    "base": "BrowserStack",
    "browser": "firefox",
    "browser_version": "50.0",
    "device": null,
    "os": "OS X",
    "os_version": "Sierra"
  },
  "firefox-36.0": {
    "base": "BrowserStack",
    "browser": "firefox",
    "browser_version": "36.0",
    "device": null,
    "os": "OS X",
    "os_version": "High Sierra"
  },
  "firefox-59.0": {
    "base": "BrowserStack",
    "browser": "firefox",
    "browser_version": "59.0",
    "device": null,
    "os": "OS X",
    "os_version": "Mojave"
  },
  "firefox-5.0": {
    "base": "BrowserStack",
    "browser": "firefox",
    "browser_version": "5.0",
    "device": null,
    "os": "OS X",
    "os_version": "Snow Leopard"
  },
  "firefox-35.0": {
    "base": "BrowserStack",
    "browser": "firefox",
    "browser_version": "35.0",
    "device": null,
    "os": "OS X",
    "os_version": "Sierra"
  },
  "firefox-49.0": {
    "base": "BrowserStack",
    "browser": "firefox",
    "browser_version": "49.0",
    "device": null,
    "os": "OS X",
    "os_version": "El Capitan"
  },
  "firefox-34.0": {
    "base": "BrowserStack",
    "browser": "firefox",
    "browser_version": "34.0",
    "device": null,
    "os": "Windows",
    "os_version": "XP"
  },
  "firefox-63.0": {
    "base": "BrowserStack",
    "browser": "firefox",
    "browser_version": "63.0",
    "device": null,
    "os": "OS X",
    "os_version": "Mojave"
  },
  "firefox-58.0": {
    "base": "BrowserStack",
    "browser": "firefox",
    "browser_version": "58.0",
    "device": null,
    "os": "Windows",
    "os_version": "8.1"
  },
  "firefox-33.0": {
    "base": "BrowserStack",
    "browser": "firefox",
    "browser_version": "33.0",
    "device": null,
    "os": "OS X",
    "os_version": "Lion"
  },
  "firefox-48.0": {
    "base": "BrowserStack",
    "browser": "firefox",
    "browser_version": "48.0",
    "device": null,
    "os": "OS X",
    "os_version": "Yosemite"
  },
  "firefox-65.0 beta": {
    "base": "BrowserStack",
    "browser": "firefox",
    "browser_version": "65.0 beta",
    "device": null,
    "os": "Windows",
    "os_version": "8.1"
  },
  "firefox-32.0": {
    "base": "BrowserStack",
    "browser": "firefox",
    "browser_version": "32.0",
    "device": null,
    "os": "OS X",
    "os_version": "Lion"
  },
  "firefox-31.0": {
    "base": "BrowserStack",
    "browser": "firefox",
    "browser_version": "31.0",
    "device": null,
    "os": "OS X",
    "os_version": "Mojave"
  },
  "firefox-47.0": {
    "base": "BrowserStack",
    "browser": "firefox",
    "browser_version": "47.0",
    "device": null,
    "os": "Windows",
    "os_version": "8.1"
  },
  "firefox-57.0": {
    "base": "BrowserStack",
    "browser": "firefox",
    "browser_version": "57.0",
    "device": null,
    "os": "OS X",
    "os_version": "High Sierra"
  },
  "firefox-30.0": {
    "base": "BrowserStack",
    "browser": "firefox",
    "browser_version": "30.0",
    "device": null,
    "os": "OS X",
    "os_version": "El Capitan"
  },
  "firefox-3.6": {
    "base": "BrowserStack",
    "browser": "firefox",
    "browser_version": "3.6",
    "device": null,
    "os": "Windows",
    "os_version": "XP"
  },
  "firefox-62.0": {
    "base": "BrowserStack",
    "browser": "firefox",
    "browser_version": "62.0",
    "device": null,
    "os": "OS X",
    "os_version": "El Capitan"
  },
  "firefox-29.0": {
    "base": "BrowserStack",
    "browser": "firefox",
    "browser_version": "29.0",
    "device": null,
    "os": "Windows",
    "os_version": "XP"
  },
  "firefox-46.0": {
    "base": "BrowserStack",
    "browser": "firefox",
    "browser_version": "46.0",
    "device": null,
    "os": "Windows",
    "os_version": "XP"
  },
  "firefox-28.0": {
    "base": "BrowserStack",
    "browser": "firefox",
    "browser_version": "28.0",
    "device": null,
    "os": "OS X",
    "os_version": "High Sierra"
  },
  "firefox-27.0": {
    "base": "BrowserStack",
    "browser": "firefox",
    "browser_version": "27.0",
    "device": null,
    "os": "OS X",
    "os_version": "Snow Leopard"
  },
  "firefox-56.0": {
    "base": "BrowserStack",
    "browser": "firefox",
    "browser_version": "56.0",
    "device": null,
    "os": "Windows",
    "os_version": "8.1"
  },
  "firefox-45.0": {
    "base": "BrowserStack",
    "browser": "firefox",
    "browser_version": "45.0",
    "device": null,
    "os": "OS X",
    "os_version": "Mountain Lion"
  },
  "firefox-26.0": {
    "base": "BrowserStack",
    "browser": "firefox",
    "browser_version": "26.0",
    "device": null,
    "os": "OS X",
    "os_version": "Mavericks"
  },
  "firefox-25.0": {
    "base": "BrowserStack",
    "browser": "firefox",
    "browser_version": "25.0",
    "device": null,
    "os": "OS X",
    "os_version": "Snow Leopard"
  },
  "firefox-44.0": {
    "base": "BrowserStack",
    "browser": "firefox",
    "browser_version": "44.0",
    "device": null,
    "os": "OS X",
    "os_version": "Yosemite"
  },
  "firefox-24.0": {
    "base": "BrowserStack",
    "browser": "firefox",
    "browser_version": "24.0",
    "device": null,
    "os": "OS X",
    "os_version": "El Capitan"
  },
  "firefox-42.0": {
    "base": "BrowserStack",
    "browser": "firefox",
    "browser_version": "42.0",
    "device": null,
    "os": "OS X",
    "os_version": "Snow Leopard"
  },
  "firefox-55.0": {
    "base": "BrowserStack",
    "browser": "firefox",
    "browser_version": "55.0",
    "device": null,
    "os": "OS X",
    "os_version": "El Capitan"
  },
  "firefox-7.0": {
    "base": "BrowserStack",
    "browser": "firefox",
    "browser_version": "7.0",
    "device": null,
    "os": "OS X",
    "os_version": "El Capitan"
  },
  "firefox-61.0": {
    "base": "BrowserStack",
    "browser": "firefox",
    "browser_version": "61.0",
    "device": null,
    "os": "Windows",
    "os_version": "8"
  },
  "firefox-23.0": {
    "base": "BrowserStack",
    "browser": "firefox",
    "browser_version": "23.0",
    "device": null,
    "os": "OS X",
    "os_version": "Mojave"
  },
  "firefox-22.0": {
    "base": "BrowserStack",
    "browser": "firefox",
    "browser_version": "22.0",
    "device": null,
    "os": "OS X",
    "os_version": "Mountain Lion"
  },
  "firefox-43.0": {
    "base": "BrowserStack",
    "browser": "firefox",
    "browser_version": "43.0",
    "device": null,
    "os": "OS X",
    "os_version": "El Capitan"
  },
  "firefox-21.0": {
    "base": "BrowserStack",
    "browser": "firefox",
    "browser_version": "21.0",
    "device": null,
    "os": "OS X",
    "os_version": "Mountain Lion"
  },
  "firefox-20.0": {
    "base": "BrowserStack",
    "browser": "firefox",
    "browser_version": "20.0",
    "device": null,
    "os": "Windows",
    "os_version": "8"
  },
  "firefox-54.0": {
    "base": "BrowserStack",
    "browser": "firefox",
    "browser_version": "54.0",
    "device": null,
    "os": "OS X",
    "os_version": "El Capitan"
  },
  "firefox-19.0": {
    "base": "BrowserStack",
    "browser": "firefox",
    "browser_version": "19.0",
    "device": null,
    "os": "Windows",
    "os_version": "8"
  },
  "firefox-18.0": {
    "base": "BrowserStack",
    "browser": "firefox",
    "browser_version": "18.0",
    "device": null,
    "os": "OS X",
    "os_version": "Snow Leopard"
  },
  "firefox-17.0": {
    "base": "BrowserStack",
    "browser": "firefox",
    "browser_version": "17.0",
    "device": null,
    "os": "OS X",
    "os_version": "Snow Leopard"
  },
  "firefox-16.0": {
    "base": "BrowserStack",
    "browser": "firefox",
    "browser_version": "16.0",
    "device": null,
    "os": "OS X",
    "os_version": "Sierra"
  },
  "firefox-41.0": {
    "base": "BrowserStack",
    "browser": "firefox",
    "browser_version": "41.0",
    "device": null,
    "os": "OS X",
    "os_version": "Lion"
  },
  "firefox-15.0": {
    "base": "BrowserStack",
    "browser": "firefox",
    "browser_version": "15.0",
    "device": null,
    "os": "OS X",
    "os_version": "Mavericks"
  },
  "firefox-14.0": {
    "base": "BrowserStack",
    "browser": "firefox",
    "browser_version": "14.0",
    "device": null,
    "os": "OS X",
    "os_version": "Snow Leopard"
  },
  "firefox-13.0": {
    "base": "BrowserStack",
    "browser": "firefox",
    "browser_version": "13.0",
    "device": null,
    "os": "OS X",
    "os_version": "Snow Leopard"
  },
  "firefox-10.0": {
    "base": "BrowserStack",
    "browser": "firefox",
    "browser_version": "10.0",
    "device": null,
    "os": "OS X",
    "os_version": "Yosemite"
  },
  "firefox-12.0": {
    "base": "BrowserStack",
    "browser": "firefox",
    "browser_version": "12.0",
    "device": null,
    "os": "OS X",
    "os_version": "Snow Leopard"
  },
  "firefox-11.0": {
    "base": "BrowserStack",
    "browser": "firefox",
    "browser_version": "11.0",
    "device": null,
    "os": "OS X",
    "os_version": "Snow Leopard"
  },
  "ie-7.0": {
    "base": "BrowserStack",
    "browser": "ie",
    "browser_version": "7.0",
    "device": null,
    "os": "Windows",
    "os_version": "XP"
  },
  "ie-11.0": {
    "base": "BrowserStack",
    "browser": "ie",
    "browser_version": "11.0",
    "device": null,
    "os": "Windows",
    "os_version": "8.1"
  },
  "ie-9.0": {
    "base": "BrowserStack",
    "browser": "ie",
    "browser_version": "9.0",
    "device": null,
    "os": "Windows",
    "os_version": "7"
  },
  "ie-10.0": {
    "base": "BrowserStack",
    "browser": "ie",
    "browser_version": "10.0",
    "device": null,
    "os": "Windows",
    "os_version": "7"
  },
  "ie-8.0": {
    "base": "BrowserStack",
    "browser": "ie",
    "browser_version": "8.0",
    "device": null,
    "os": "Windows",
    "os_version": "7"
  },
  "ie-6.0": {
    "base": "BrowserStack",
    "browser": "ie",
    "browser_version": "6.0",
    "device": null,
    "os": "Windows",
    "os_version": "XP"
  },
  "ipad-11.3": {
    "base": "BrowserStack",
    "browser": "ipad",
    "browser_version": null,
    "device": "iPad 6th",
    "os": "ios",
    "os_version": "11.3"
  },
  "ipad-11.0": {
    "base": "BrowserStack",
    "browser": "ipad",
    "browser_version": null,
    "device": "iPad 5th",
    "os": "ios",
    "os_version": "11.0"
  },
  "ipad-11.2": {
    "base": "BrowserStack",
    "browser": "ipad",
    "browser_version": null,
    "device": "iPad Pro",
    "os": "ios",
    "os_version": "11.2"
  },
  "ipad-11.4": {
    "base": "BrowserStack",
    "browser": "ipad",
    "browser_version": null,
    "device": "iPad Pro 12.9",
    "os": "ios",
    "os_version": "11.4"
  },
  "iphone-12.1": {
    "base": "BrowserStack",
    "browser": "iphone",
    "browser_version": null,
    "device": "iPhone XR",
    "os": "ios",
    "os_version": "12.1"
  },
  "iphone-11.0": {
    "base": "BrowserStack",
    "browser": "iphone",
    "browser_version": null,
    "device": "iPhone X",
    "os": "ios",
    "os_version": "11.0"
  },
  "iphone-11.2": {
    "base": "BrowserStack",
    "browser": "iphone",
    "browser_version": null,
    "device": "iPhone SE",
    "os": "ios",
    "os_version": "11.2"
  },
  "iphone-10.3": {
    "base": "BrowserStack",
    "browser": "iphone",
    "browser_version": null,
    "device": "iPhone 7",
    "os": "ios",
    "os_version": "10.3"
  },
  "iphone-11.4": {
    "base": "BrowserStack",
    "browser": "iphone",
    "browser_version": null,
    "device": "iPhone 6S Plus",
    "os": "ios",
    "os_version": "11.4"
  },
  "iphone-12.0": {
    "base": "BrowserStack",
    "browser": "iphone",
    "browser_version": null,
    "device": "iPhone XS Max",
    "os": "ios",
    "os_version": "12.0"
  },
  "opera-12.16": {
    "base": "BrowserStack",
    "browser": "opera",
    "browser_version": "12.16",
    "device": null,
    "os": "Windows",
    "os_version": "8"
  },
  "opera-12.15": {
    "base": "BrowserStack",
    "browser": "opera",
    "browser_version": "12.15",
    "device": null,
    "os": "Windows",
    "os_version": "8"
  },
  "safari-6.0": {
    "base": "BrowserStack",
    "browser": "safari",
    "browser_version": "6.0",
    "device": null,
    "os": "OS X",
    "os_version": "Lion"
  },
  "safari-5.1": {
    "base": "BrowserStack",
    "browser": "safari",
    "browser_version": "5.1",
    "device": null,
    "os": "OS X",
    "os_version": "Snow Leopard"
  },
  "safari-6.2": {
    "base": "BrowserStack",
    "browser": "safari",
    "browser_version": "6.2",
    "device": null,
    "os": "OS X",
    "os_version": "Mountain Lion"
  },
  "safari-9.1": {
    "base": "BrowserStack",
    "browser": "safari",
    "browser_version": "9.1",
    "device": null,
    "os": "OS X",
    "os_version": "El Capitan"
  },
  "safari-7.1": {
    "base": "BrowserStack",
    "browser": "safari",
    "browser_version": "7.1",
    "device": null,
    "os": "OS X",
    "os_version": "Mavericks"
  },
  "safari-12.0": {
    "base": "BrowserStack",
    "browser": "safari",
    "browser_version": "12.0",
    "device": null,
    "os": "OS X",
    "os_version": "Mojave"
  },
  "safari-8.0": {
    "base": "BrowserStack",
    "browser": "safari",
    "browser_version": "8.0",
    "device": null,
    "os": "OS X",
    "os_version": "Yosemite"
  },
  "safari-11.1": {
    "base": "BrowserStack",
    "browser": "safari",
    "browser_version": "11.1",
    "device": null,
    "os": "OS X",
    "os_version": "High Sierra"
  },
  "safari-10.1": {
    "base": "BrowserStack",
    "browser": "safari",
    "browser_version": "10.1",
    "device": null,
    "os": "OS X",
    "os_version": "Sierra"
  }
}